cclutten0,Toronto,Claudian,Clutten,cclutten0@is.gd,50.74.16.180
tcroxall1,Kingston,Therese,Croxall,tcroxall1@globo.com,6.98.248.178
kyouell2,Sudbury,Kenna,Youell,kyouell2@aboutads.info,115.88.94.15
smortlock3,Sudbury,Sharyl,Mortlock,smortlock3@abc.net.au,235.243.103.76
sklyn4,Ottawa,Sianna,Klyn,sklyn4@ocn.ne.jp,198.204.85.160
pkent5,Ottawa,Paxton,Kent,pkent5@patch.com,138.15.55.31
csedgebeer6,Sudbury,Cecil,Sedgebeer,csedgebeer6@creativecommons.org,135.91.20.140
mtownshend7,Kingston,Maximilianus,Townshend,mtownshend7@de.vu,76.97.43.133
ecatlin8,Ottawa,Evvy,Catlin,ecatlin8@netscape.com,187.185.111.205
cmacbean9,Kingston,Cissiee,MacBean,cmacbean9@bbc.co.uk,96.244.214.190
nwrittlea,Toronto,Natalina,Writtle,nwrittlea@wordpress.org,139.151.106.205
dcroyserb,Timmins,Dagmar,Croyser,dcroyserb@reuters.com,140.135.180.67
dbuggc,Sudbury,Dolley,Bugg,dbuggc@dagondesign.com,217.29.61.170
gduxburyd,Sudbury,Gabriel,Duxbury,gduxburyd@meetup.com,34.0.185.110
aothene,Timmins,Alfie,Othen,aothene@uiuc.edu,122.210.107.28
ekollachf,Sudbury,Easter,Kollach,ekollachf@moonfruit.com,7.167.91.127
jgrzelewskig,Sudbury,Jojo,Grzelewski,jgrzelewskig@linkedin.com,21.230.166.96
efrisdickh,Kingston,Eben,Frisdick,efrisdickh@jimdo.com,224.250.100.174
tcolberti,Kingston,Tedra,Colbert,tcolberti@issuu.com,101.191.203.198
eclymoj,Ottawa,Elbert,Clymo,eclymoj@prweb.com,229.56.173.22
kmarttk,Kingston,Ketti,Martt,kmarttk@deliciousdays.com,75.162.166.26
ksabatesl,Toronto,Kettie,Sabates,ksabatesl@tuttocitta.it,88.132.71.8
cblucherm,Ottawa,Cacilia,Blucher,cblucherm@amazon.com,156.167.223.21
jtrulockn,Sudbury,Jermaine,Trulock,jtrulockn@amazon.com,174.13.128.83
lgaineso,Timmins,Lyndsie,Gaines,lgaineso@cbslocal.com,230.204.186.183
tloughrenp,Timmins,Tiff,Loughren,tloughrenp@bbc.co.uk,156.214.32.106
akroinq,Toronto,Albert,Kroin,akroinq@themeforest.net,229.177.78.43
clazarr,Timmins,Cecilla,Lazar,clazarr@uiuc.edu,228.182.4.20
searles,Sudbury,Syman,Earle,searles@narod.ru,26.62.96.66
nsondont,Ottawa,Nathanil,Sondon,nsondont@icio.us,30.91.32.247
bbottomoreu,Ottawa,Brandise,Bottomore,bbottomoreu@accuweather.com,50.15.122.145
schstneyv,Kingston,Scotty,Chstney,schstneyv@bloglovin.com,229.13.54.36
ngamlinw,Sudbury,Naoma,Gamlin,ngamlinw@tinyurl.com,109.220.232.144
psambeckx,Toronto,Page,Sambeck,psambeckx@shinystat.com,214.104.152.228
rkobierskiy,Ottawa,Rodrick,Kobierski,rkobierskiy@jiathis.com,157.89.57.243
sbaddeleyz,Timmins,Sauveur,Baddeley,sbaddeleyz@homestead.com,85.214.9.179
hfairnie10,Toronto,Harrie,Fairnie,hfairnie10@opera.com,98.150.95.131
apetroulis11,Ottawa,Alvinia,Petroulis,apetroulis11@bbb.org,26.128.203.158
curvoy12,Ottawa,Chad,Urvoy,curvoy12@cloudflare.com,5.118.149.42
igeane13,Timmins,Ingamar,Geane,igeane13@newsvine.com,184.32.139.91
tvallantine14,Toronto,Tisha,Vallantine,tvallantine14@meetup.com,53.15.101.88
kordelt15,Kingston,Karalynn,Ordelt,kordelt15@php.net,234.225.158.245
jmellings16,Sudbury,Jerrilee,Mellings,jmellings16@edublogs.org,31.219.114.62
wcashin17,Timmins,Weider,Cashin,wcashin17@mysql.com,2.186.70.130
dgreenacre18,Kingston,Dallon,Greenacre,dgreenacre18@addtoany.com,225.227.5.64
fzink19,Kingston,Ferrell,Zink,fzink19@facebook.com,170.4.78.216
gfairlam1a,Ottawa,Gaston,Fairlam,gfairlam1a@google.com.br,23.26.25.221
mtrownson1b,Timmins,Martina,Trownson,mtrownson1b@reference.com,137.158.27.19
rgoffe1c,Toronto,Ricard,Goffe,rgoffe1c@xrea.com,33.225.36.56
dvear1d,Sudbury,Desiri,Vear,dvear1d@google.com.au,190.253.100.62
