Mauv,Leisha,Sterling,lsterling0@biglobe.ne.jp,189.191.56.124,lsterling0
Maroon,Allan,Bridgett,abridgett1@epa.gov,228.200.67.229,abridgett1
Turquoise,Seline,Reardon,sreardon2@aol.com,141.115.48.109,sreardon2
Goldenrod,Renato,Caldeyroux,rcaldeyroux3@upenn.edu,37.115.112.14,rcaldeyroux3
Crimson,Angus,Easterfield,aeasterfield4@blinklist.com,159.136.176.61,aeasterfield4
Khaki,Elisabetta,Harper,eharper5@artisteer.com,136.61.30.218,eharper5
Red,Hercule,Gudeman,hgudeman6@mlb.com,220.68.202.192,hgudeman6
Turquoise,Carleen,Bevar,cbevar7@dedecms.com,31.125.218.26,cbevar7
Pink,Marylinda,Allmen,mallmen8@pagesperso-orange.fr,216.106.20.24,mallmen8
Khaki,Vick,Byrcher,vbyrcher9@google.com.hk,126.153.211.219,vbyrcher9
Blue,Frances,Ilive,filivea@ihg.com,179.56.163.165,filivea
Yellow,Tynan,Tern,tternb@tamu.edu,230.196.162.102,tternb
Puce,Eliza,Yesenin,eyeseninc@ow.ly,88.100.233.107,eyeseninc
Red,Oswald,Kencott,okencottd@wix.com,29.26.79.187,okencottd
Orange,Aarika,Stickland,asticklande@sphinn.com,113.26.23.92,asticklande
Mauv,Dorelle,Taylorson,dtaylorsonf@deliciousdays.com,13.235.75.98,dtaylorsonf
Red,Blythe,Jeal,bjealg@last.fm,254.190.203.144,bjealg
Green,Charles,Berard,cberardh@jimdo.com,61.254.221.4,cberardh
Red,Modestia,Congram,mcongrami@sohu.com,55.33.198.206,mcongrami
Violet,Nickie,Gehrtz,ngehrtzj@google.it,220.22.58.254,ngehrtzj
Green,Benedick,Cruce,bcrucek@gizmodo.com,32.251.142.105,bcrucek
Indigo,Clarine,Beauvais,cbeauvaisl@mozilla.com,211.99.94.192,cbeauvaisl
Orange,Sinclair,Epine,sepinem@tiny.cc,201.76.44.140,sepinem
Fuscia,Morty,Langwade,mlangwaden@zimbio.com,248.246.204.237,mlangwaden
Blue,Onofredo,Gwalter,ogwaltero@hibu.com,85.199.12.220,ogwaltero
Turquoise,Jobi,Morgen,jmorgenp@alexa.com,107.181.165.254,jmorgenp
Khaki,Andros,Annice,aanniceq@etsy.com,169.5.92.142,aanniceq
Mauv,Dennis,Mariyushkin,dmariyushkinr@opensource.org,109.95.160.165,dmariyushkinr
Red,Florri,McOrkil,fmcorkils@php.net,131.154.209.155,fmcorkils
Fuscia,Nita,Chaperling,nchaperlingt@soup.io,244.141.93.49,nchaperlingt
Turquoise,Jemmie,Newtown,jnewtownu@arizona.edu,90.139.36.141,jnewtownu
Turquoise,Hewet,Squirrell,hsquirrellv@adobe.com,49.21.45.96,hsquirrellv
Indigo,Danila,Clacson,dclacsonw@marketwatch.com,12.251.176.52,dclacsonw
Maroon,Ailbert,Angrove,aangrovex@tmall.com,92.55.166.26,aangrovex
Yellow,Dermot,Mills,dmillsy@wunderground.com,49.116.208.58,dmillsy
Khaki,Meara,Spillett,mspillettz@state.tx.us,181.67.239.89,mspillettz
Mauv,Heddi,Judson,hjudson10@tuttocitta.it,103.55.80.21,hjudson10
Red,Dewain,Oloman,doloman11@wufoo.com,131.103.171.162,doloman11
Puce,Stevena,Arnault,sarnault12@delicious.com,213.29.165.173,sarnault12
Red,Berk,Caunce,bcaunce13@omniture.com,135.42.203.159,bcaunce13
Fuscia,Mikey,Dobbing,mdobbing14@wix.com,241.108.233.128,mdobbing14
Orange,Dal,Exter,dexter15@nasa.gov,25.19.147.61,dexter15
Fuscia,Darrell,Oxe,doxe16@businessinsider.com,218.4.133.69,doxe16
Mauv,Elisha,Jerdein,ejerdein17@tripod.com,151.89.65.246,ejerdein17
Teal,Gussie,Meriott,gmeriott18@nih.gov,70.101.222.145,gmeriott18
Violet,Taddeo,Pllu,tpllu19@chronoengine.com,5.175.41.236,tpllu19
Indigo,Vikky,Landreth,vlandreth1a@wired.com,32.103.107.204,vlandreth1a
Indigo,Mord,Dubber,mdubber1b@unicef.org,252.193.12.34,mdubber1b
Goldenrod,Mil,Bettlestone,mbettlestone1c@jiathis.com,118.177.123.94,mbettlestone1c
Indigo,Kristal,Alfuso,kalfuso1d@wikispaces.com,37.128.5.23,kalfuso1d
Purple,Inna,Daugherty,idaugherty1e@usgs.gov,122.2.213.141,idaugherty1e
Orange,Danell,Monck,dmonck1f@mit.edu,151.14.127.205,dmonck1f
Green,Hally,Barock,hbarock1g@salon.com,159.212.128.171,hbarock1g
Puce,Gunilla,Sulland,gsulland1h@smh.com.au,70.109.239.104,gsulland1h
Goldenrod,Kyle,Schoffler,kschoffler1i@macromedia.com,175.187.82.107,kschoffler1i
Mauv,Emlynn,Domleo,edomleo1j@histats.com,43.58.172.202,edomleo1j
Blue,Adriano,Coulbeck,acoulbeck1k@shareasale.com,19.239.194.82,acoulbeck1k
Violet,Ole,Macknish,omacknish1l@state.tx.us,24.20.166.96,omacknish1l
Teal,Leoine,Huck,lhuck1m@twitpic.com,92.79.54.173,lhuck1m
Goldenrod,Drake,Riccelli,driccelli1n@shop-pro.jp,181.174.217.76,driccelli1n
Indigo,Cathyleen,Fernez,cfernez1o@angelfire.com,145.155.242.187,cfernez1o
Puce,Allan,Caen,acaen1p@dailymotion.com,134.255.231.68,acaen1p
Green,Ariela,Groome,agroome1q@noaa.gov,148.99.139.237,agroome1q
Yellow,Constantin,Klee,cklee1r@vinaora.com,37.140.36.220,cklee1r
Fuscia,Harwilll,Bax,hbax1s@list-manage.com,115.9.235.233,hbax1s
Mauv,Brandais,Judgkins,bjudgkins1t@privacy.gov.au,141.252.10.162,bjudgkins1t
Mauv,Hew,Richens,hrichens1u@tmall.com,119.124.144.74,hrichens1u
Crimson,Jacintha,Brisland,jbrisland1v@flickr.com,118.72.129.137,jbrisland1v
Red,Ugo,Feaks,ufeaks1w@rediff.com,142.174.135.29,ufeaks1w
Blue,Lucina,Stuehmeier,lstuehmeier1x@wisc.edu,78.103.111.16,lstuehmeier1x
Crimson,Maribelle,Goligly,mgoligly1y@shutterfly.com,27.23.157.91,mgoligly1y
Blue,Boniface,Glenn,bglenn1z@alexa.com,187.132.147.246,bglenn1z
Mauv,Kalinda,Hysom,khysom20@myspace.com,166.167.205.92,khysom20
Turquoise,Caressa,Eeles,ceeles21@reddit.com,6.40.1.117,ceeles21
Red,Les,Amsberger,lamsberger22@ucsd.edu,192.141.215.214,lamsberger22
Puce,Gayler,Nunes Nabarro,gnunesnabarro23@boston.com,251.51.113.18,gnunesnabarro23
Orange,Franzen,Hirsthouse,fhirsthouse24@gravatar.com,143.253.63.82,fhirsthouse24
Goldenrod,Ossie,Abramamovh,oabramamovh25@cornell.edu,199.155.88.11,oabramamovh25
Teal,Blinny,Sunderland,bsunderland26@last.fm,174.58.249.220,bsunderland26
Fuscia,Nicol,Petran,npetran27@sourceforge.net,32.19.134.129,npetran27
Green,Kariotta,Cranmor,kcranmor28@hibu.com,69.19.8.13,kcranmor28
Turquoise,Gertrud,Norrington,gnorrington29@shareasale.com,39.106.43.177,gnorrington29
Fuscia,Currey,Emmett,cemmett2a@meetup.com,86.220.209.185,cemmett2a
Fuscia,Layney,Dukesbury,ldukesbury2b@msu.edu,252.45.220.7,ldukesbury2b
Fuscia,Hetty,Legat,hlegat2c@etsy.com,8.253.160.16,hlegat2c
Crimson,Melina,Bouts,mbouts2d@i2i.jp,234.6.151.254,mbouts2d
Puce,Barclay,Elgram,belgram2e@reuters.com,100.114.250.128,belgram2e
Indigo,Ilka,Shotboulte,ishotboulte2f@instagram.com,48.227.70.162,ishotboulte2f
Yellow,Cristine,Offen,coffen2g@purevolume.com,133.35.6.172,coffen2g
Aquamarine,Alene,Golborn,agolborn2h@geocities.com,193.66.130.111,agolborn2h
Violet,Ogden,Antoniewicz,oantoniewicz2i@cisco.com,87.133.35.48,oantoniewicz2i
Violet,Carry,Penrice,cpenrice2j@mac.com,53.11.86.205,cpenrice2j
Orange,Amandy,Alcide,aalcide2k@sohu.com,123.107.107.42,aalcide2k
Aquamarine,Bridgette,Batrim,bbatrim2l@walmart.com,74.95.150.202,bbatrim2l
Blue,Otes,Raselles,oraselles2m@youku.com,244.28.128.147,oraselles2m
Maroon,Gilles,Mansel,gmansel2n@oracle.com,157.14.209.79,gmansel2n
Blue,Berni,MacNeill,bmacneill2o@php.net,211.141.30.176,bmacneill2o
Aquamarine,Carver,Andrea,candrea2p@statcounter.com,109.208.124.244,candrea2p
Puce,Janessa,Dyball,jdyball2q@yahoo.com,139.90.50.2,jdyball2q
Indigo,Gwyneth,Beedell,gbeedell2r@com.com,228.170.184.102,gbeedell2r
