id,user_name,first_name,last_name,email,ip_address
1,brubenchik0,Bette-ann,Rubenchik,brubenchik0@princeton.edu,48.102.165.230
2,lkinforth1,Lenore,Kinforth,lkinforth1@fc2.com,197.216.95.168
3,rshanahan2,Roxanna,Shanahan,rshanahan2@blogger.com,105.139.147.134
4,dirvine3,Drona,Irvine,dirvine3@tripadvisor.com,137.0.52.131
5,eschulz4,Ellis,Schulz,eschulz4@merriam-webster.com,207.125.25.237
6,malabone5,Miranda,Alabone,malabone5@mashable.com,239.214.19.57
7,rwallace6,Rene,Wallace,rwallace6@edublogs.org,114.194.174.92
8,bpascow7,Buck,Pascow,bpascow7@drupal.org,224.215.96.139
9,kcrotty8,Karmen,Crotty,kcrotty8@businesswire.com,69.80.241.22
10,gszymczyk9,Gracia,Szymczyk,gszymczyk9@constantcontact.com,183.107.185.128
11,kmavena,Kaylil,Maven,kmavena@bloomberg.com,134.111.42.208
12,qbayfieldb,Querida,Bayfield,qbayfieldb@yahoo.co.jp,48.21.12.54
13,afiddymontc,Agretha,Fiddymont,afiddymontc@ihg.com,74.245.109.232
14,mhoofed,Marlo,Hoofe,mhoofed@networkadvertising.org,244.47.73.111
15,mbickerdykee,Marlo,Bickerdyke,mbickerdykee@acquirethisname.com,251.182.200.23
16,aikringillf,Adrea,Ikringill,aikringillf@wordpress.org,223.71.166.70
17,lbuneyg,Lynn,Buney,lbuneyg@prweb.com,175.135.160.84
18,rwishamh,Randall,Wisham,rwishamh@nymag.com,187.166.190.120
19,mhaseli,Morgun,Hasel,mhaseli@bandcamp.com,126.4.146.113
20,myurkinj,Marlie,Yurkin,myurkinj@rediff.com,18.65.4.152
21,rridesdalek,Ricki,Ridesdale,rridesdalek@miitbeian.gov.cn,181.67.170.180
22,cdeavinl,Cullan,Deavin,cdeavinl@last.fm,46.91.77.167
23,htabourierm,Hubert,Tabourier,htabourierm@youku.com,154.221.194.134
24,nwaliszekn,Nananne,Waliszek,nwaliszekn@about.com,9.139.47.118
25,srobleyo,Sylas,Robley,srobleyo@scribd.com,88.49.238.238
26,ggrzesiakp,Garik,Grzesiak,ggrzesiakp@ycombinator.com,242.67.187.190
27,grodenborchq,Garrik,Rodenborch,grodenborchq@ca.gov,19.171.6.19
28,fduforer,Francisca,Dufore,fduforer@ebay.co.uk,163.208.94.198
29,amcmurdos,Alfred,McMurdo,amcmurdos@guardian.co.uk,115.140.178.200
30,calessandrellit,Clarine,Alessandrelli,calessandrellit@prlog.org,171.181.160.157
31,blammimanu,Barnabas,Lammiman,blammimanu@stanford.edu,124.38.142.193
32,tpechev,Tina,Peche,tpechev@t-online.de,151.35.6.44
33,mkrinkw,Maximilien,Krink,mkrinkw@walmart.com,171.196.24.156
34,dclaasenx,Doris,Claasen,dclaasenx@canalblog.com,28.147.191.54
35,hwibrowy,Hynda,Wibrow,hwibrowy@nba.com,106.218.39.94
36,pnerneyz,Pierette,Nerney,pnerneyz@de.vu,81.25.151.74
37,sianizzi10,Shandie,Ianizzi,sianizzi10@google.com.hk,182.225.46.11
38,ghodgon11,Glenden,Hodgon,ghodgon11@nymag.com,19.177.134.81
39,grobson12,Gavan,Robson,grobson12@dmoz.org,131.88.56.118
40,arigg13,Allie,Rigg,arigg13@spotify.com,181.191.42.68
41,gcarver14,Gregor,Carver,gcarver14@wikimedia.org,33.148.100.162
42,nwaterhouse15,Nicol,Waterhouse,nwaterhouse15@joomla.org,156.44.201.140
43,dpheasant16,Donnamarie,Pheasant,dpheasant16@princeton.edu,209.168.221.157
44,nmacardle17,Ninette,MacArdle,nmacardle17@mlb.com,165.145.112.95
45,ncarlos18,Nissy,Carlos,ncarlos18@disqus.com,217.170.45.5
46,hthickens19,Harley,Thickens,hthickens19@seesaa.net,170.121.47.88
47,gbolf1a,Georas,Bolf,gbolf1a@globo.com,119.54.160.85
48,brayson1b,Biron,Rayson,brayson1b@indiegogo.com,14.182.150.151
49,dnisbet1c,Deerdre,Nisbet,dnisbet1c@squidoo.com,237.106.22.48
50,agrout1d,Albertina,Grout,agrout1d@infoseek.co.jp,77.149.245.41
51,sbrikner1e,Shayne,Brikner,sbrikner1e@dedecms.com,121.223.235.55
52,dcoviello1f,Dian,Coviello,dcoviello1f@about.com,147.58.169.105
53,thuman1g,Tanny,Human,thuman1g@etsy.com,125.149.6.18
54,mdanslow1h,Meier,Danslow,mdanslow1h@cdc.gov,198.52.213.1
55,cdelle1i,Christan,Delle,cdelle1i@wired.com,73.109.219.199
56,rdeex1j,Rina,Deex,rdeex1j@goodreads.com,93.79.104.161
57,onewsham1k,Othella,Newsham,onewsham1k@vk.com,207.116.246.46
58,dswenson1l,Daron,Swenson,dswenson1l@barnesandnoble.com,199.10.227.46
59,oextance1m,Olwen,Extance,oextance1m@github.io,112.69.238.192
60,kpumphreys1n,Kalinda,Pumphreys,kpumphreys1n@umn.edu,99.181.53.47
61,amalmar1o,Alastair,Malmar,amalmar1o@nhs.uk,18.43.31.186
62,dfuidge1p,Doreen,Fuidge,dfuidge1p@sourceforge.net,239.78.109.71
63,bgunby1q,Birgitta,Gunby,bgunby1q@weibo.com,23.41.49.52
64,etuminelli1r,Elise,Tuminelli,etuminelli1r@loc.gov,82.177.94.189
65,caucoate1s,Catha,Aucoate,caucoate1s@fema.gov,140.92.159.181
66,kgleaves1t,Kimberlee,Gleaves,kgleaves1t@vimeo.com,147.160.223.23
67,kkonneke1u,Keary,Konneke,kkonneke1u@1688.com,204.84.26.212
68,rmularkey1v,Rorke,Mularkey,rmularkey1v@goo.ne.jp,63.138.139.181
69,mduding1w,Marcia,Duding,mduding1w@rediff.com,105.134.35.182
70,omatovic1x,Onida,Matovic,omatovic1x@noaa.gov,22.36.177.32
71,wranahan1y,Winn,Ranahan,wranahan1y@umn.edu,202.234.9.203
72,ehumber1z,Eloise,Humber,ehumber1z@amazonaws.com,132.124.163.233
73,athamelt20,Andeee,Thamelt,athamelt20@wix.com,16.252.61.113
74,dmussen21,Drusilla,Mussen,dmussen21@newyorker.com,114.202.197.206
75,hstaining22,Hallsy,Staining,hstaining22@oaic.gov.au,61.188.166.167
76,vpernell23,Vivie,Pernell,vpernell23@fastcompany.com,24.187.40.247
77,jtearle24,Jenine,Tearle,jtearle24@csmonitor.com,78.36.252.149
78,rmcboyle25,Rolfe,McBoyle,rmcboyle25@example.com,62.103.23.25
79,ssandcroft26,Stephani,Sandcroft,ssandcroft26@latimes.com,128.124.31.103
80,sgrimsdyke27,Sanders,Grimsdyke,sgrimsdyke27@netvibes.com,211.79.29.181
81,msimoncelli28,Merell,Simoncelli,msimoncelli28@nydailynews.com,219.104.204.203
82,jbricksey29,Jeniece,Bricksey,jbricksey29@t.co,56.56.183.245
83,bpouck2a,Barbara-anne,Pouck,bpouck2a@squidoo.com,172.90.189.0
84,pleatt2b,Padgett,Leatt,pleatt2b@un.org,48.119.179.169
85,lsimkin2c,Lorenza,Simkin,lsimkin2c@feedburner.com,217.166.246.184
86,tbarron2d,Tamera,Barron,tbarron2d@senate.gov,29.42.27.102
87,bugoletti2e,Boyd,Ugoletti,bugoletti2e@scientificamerican.com,248.219.110.167
88,vswatton2f,Vallie,Swatton,vswatton2f@prweb.com,117.169.121.72
89,msnozzwell2g,Marcia,Snozzwell,msnozzwell2g@dmoz.org,127.13.240.131
90,uvarty2h,Ursuline,Varty,uvarty2h@springer.com,88.190.81.127
91,smirams2i,Sella,Mirams,smirams2i@pagesperso-orange.fr,200.186.81.74
92,wcrayden2j,Willa,Crayden,wcrayden2j@npr.org,19.98.243.194
93,slordon2k,Sue,Lordon,slordon2k@storify.com,243.189.155.181
94,dtrevain2l,Dalston,Trevain,dtrevain2l@1688.com,44.239.143.79
95,edominico2m,Eleanora,Dominico,edominico2m@multiply.com,111.248.29.208
96,cjehan2n,Cornall,Jehan,cjehan2n@youtube.com,214.243.161.237
97,cbarkley2o,Cal,Barkley,cbarkley2o@w3.org,222.160.189.68
98,ikezar2p,Ivory,Kezar,ikezar2p@weibo.com,3.139.1.62
99,fsagg2q,Fairlie,Sagg,fsagg2q@google.co.uk,131.205.124.171
100,tornelas2r,Toby,Ornelas,tornelas2r@nymag.com,52.38.96.150
