asodo0,Adina,Sodo,asodo0@ustream.tv,145.189.237.95,2023-06-12,Support
tmongain1,Tabatha,Mongain,tmongain1@feedburner.com,34.224.147.249,2023-08-15,Product Management
dgluyas2,Daune,Gluyas,dgluyas2@lulu.com,34.71.173.87,2023-07-08,Marketing
rdalwis3,Rafe,D'Alwis,rdalwis3@miibeian.gov.cn,143.96.101.65,2023-09-02,Marketing
leby4,Lynne,Eby,leby4@qq.com,51.93.133.76,2023-08-17,Sales
jizakovitz5,Jeremy,Izakovitz,jizakovitz5@163.com,84.243.253.163,2023-08-16,Business Development
jpinkstone6,Jessee,Pinkstone,jpinkstone6@yelp.com,91.233.66.232,2023-09-08,Research and Development
achark7,Alfi,Chark,achark7@umn.edu,183.239.78.234,2023-08-07,Business Development
tcamell8,Tedda,Camell,tcamell8@sphinn.com,234.39.160.69,2023-08-28,Accounting
chaugh9,Clement,Haugh,chaugh9@stumbleupon.com,36.37.75.146,2023-08-23,Business Development
tdennya,Tarrance,Denny,tdennya@mozilla.com,44.47.174.14,2023-07-15,Human Resources
nvostb,Nevin,Vost,nvostb@istockphoto.com,254.229.27.37,2023-08-31,Accounting
aweymontc,Alexandros,Weymont,aweymontc@pagesperso-orange.fr,89.245.72.105,2023-07-29,Sales
aquickd,Amandi,Quick,aquickd@symantec.com,235.240.218.51,2023-07-20,Marketing
fgallegoe,Fitzgerald,Gallego,fgallegoe@howstuffworks.com,180.204.25.140,2023-09-03,Services
srodmanf,Stanislaw,Rodman,srodmanf@amazon.co.jp,118.239.59.95,2023-06-08,Accounting
mschonfeldg,Meryl,Schonfeld,mschonfeldg@wisc.edu,120.110.209.203,2023-06-12,Research and Development
mdockrellh,Martina,Dockrell,mdockrellh@theatlantic.com,35.194.139.238,2023-07-06,Legal
dmariei,Dierdre,Marie,dmariei@chron.com,212.152.22.185,2023-08-02,Support
cshurrocksj,Chaunce,Shurrocks,cshurrocksj@vistaprint.com,75.253.137.66,2023-09-12,Support
apilpovick,Audrey,Pilpovic,apilpovick@umn.edu,243.66.147.4,2023-07-08,Support
lpulleyl,Lurlene,Pulley,lpulleyl@hc360.com,143.199.58.161,2023-07-12,Research and Development
nbrabanm,Nowell,Braban,nbrabanm@google.co.uk,30.130.243.44,2023-06-11,Accounting
mtackettn,Mandel,Tackett,mtackettn@twitter.com,207.218.193.174,2023-06-21,Research and Development
acooteo,Alvie,Coote,acooteo@nymag.com,38.243.66.140,2023-07-13,Engineering
sbaglanp,Sasha,Baglan,sbaglanp@smugmug.com,20.100.78.189,2023-09-11,Sales
cburkartq,Christin,Burkart,cburkartq@clickbank.net,215.133.167.134,2023-06-07,Training
tjandourekr,Tamqrah,Jandourek,tjandourekr@twitpic.com,46.107.146.233,2023-07-15,Business Development
wfronkss,Wiley,Fronks,wfronkss@weebly.com,146.50.38.189,2023-06-18,Human Resources
zcasementt,Zorine,Casement,zcasementt@digg.com,189.76.171.228,2023-07-08,Product Management
nfanthomeu,Nananne,Fanthome,nfanthomeu@blogger.com,58.53.145.223,2023-08-18,Human Resources
dolearyv,Devlin,O'Leary,dolearyv@joomla.org,54.194.249.70,2023-07-13,Marketing
dbizleyw,Delmor,Bizley,dbizleyw@stumbleupon.com,96.244.224.48,2023-06-14,Accounting
lodyx,Lynnett,Ody,lodyx@naver.com,80.126.162.219,2023-08-26,Marketing
nbalkey,Neddie,Balke,nbalkey@howstuffworks.com,15.221.214.210,2023-08-31,Product Management
ddewersonz,Doe,Dewerson,ddewersonz@reference.com,107.212.96.43,2023-06-28,Product Management
ssherwyn10,Skipp,Sherwyn,ssherwyn10@wsj.com,30.226.168.208,2023-09-06,Business Development
gpybworth11,Gaye,Pybworth,gpybworth11@shutterfly.com,155.214.124.13,2023-06-19,Services
dnewvell12,Diana,Newvell,dnewvell12@stanford.edu,200.244.148.22,2023-06-23,Research and Development
ahasselby13,Antonina,Hasselby,ahasselby13@blogger.com,166.18.234.103,2023-08-29,Product Management
vhuckerbe14,Valery,Huckerbe,vhuckerbe14@seattletimes.com,57.162.176.24,2023-07-19,Business Development
ffery15,Francine,Fery,ffery15@wisc.edu,9.89.208.147,2023-09-07,Services
aaspinell16,Angelia,Aspinell,aaspinell16@nasa.gov,225.131.88.46,2023-08-19,Human Resources
apicford17,Ailina,Picford,apicford17@about.com,155.210.38.114,2023-06-11,Support
gleopard18,Gerianne,Leopard,gleopard18@biblegateway.com,213.64.169.52,2023-07-19,Training
avooght19,Archibold,Vooght,avooght19@house.gov,232.224.43.215,2023-06-29,Accounting
gsmitheram1a,Garrek,Smitheram,gsmitheram1a@columbia.edu,202.143.72.26,2023-08-29,Marketing
nharridge1b,Nickolaus,Harridge,nharridge1b@rakuten.co.jp,164.88.110.98,2023-08-13,Sales
alaughton1c,Alexandros,Laughton,alaughton1c@indiegogo.com,87.53.223.104,2023-06-09,Business Development
dmatic1d,Dallas,Matic,dmatic1d@devhub.com,162.223.247.254,2023-09-04,Training
